id,fichier,terme,article,image_url,licence,auteur,licence_url,attribution_requise
maguro,maguro.jpg,ja:鮪,https://ja.wikipedia.org/wiki/マグロ,https://upload.wikimedia.org/wikipedia/commons/9/99/Fish4499_-_Flickr_-_NOAA_Photo_Library.jpg,Public domain,"SEFSC Pascagoula Laboratory; Collection of Brandi Noble, NOAA/NMFS/SEFSC.",,false
chutoro,chutoro.jpg,ja:クロマグロ,https://ja.wikipedia.org/wiki/クロマグロ,https://upload.wikimedia.org/wikipedia/commons/7/73/Pacific_bluefin_tuna.jpg,CC BY 2.1 jp,aes256,https://creativecommons.org/licenses/by/2.1/jp/deed.en,true
otoro,otoro.jpg,ja:クロマグロ,https://ja.wikipedia.org/wiki/クロマグロ,https://upload.wikimedia.org/wikipedia/commons/7/73/Pacific_bluefin_tuna.jpg,CC BY 2.1 jp,aes256,https://creativecommons.org/licenses/by/2.1/jp/deed.en,true
katsuo,katsuo.jpg,ja:鰹,https://ja.wikipedia.org/wiki/カツオ,https://upload.wikimedia.org/wikipedia/commons/2/2e/Kapel_u0.gif,Public domain,,,false
sake,sake.jpg,ja:鮭,https://ja.wikipedia.org/wiki/サケ,https://upload.wikimedia.org/wikipedia/commons/3/38/Salmon_%28breeding_color%29.jpg,CC BY-SA 3.0,コンピュータが読み取れる情報は提供されていませんが、Vineyardだと推定されます（著作権の主張に基づく）,https://creativecommons.org/licenses/by-sa/3.0,true
mebachi,mebachi.jpg,ja:目鉢,https://ja.wikipedia.org/wiki/植木鉢,https://upload.wikimedia.org/wikipedia/commons/8/8a/Pots_in_the_Buckingham_Garden_Centre_-_geograph.org.uk_-_1476735.jpg,CC BY-SA 2.0,Steve Daniels,https://creativecommons.org/licenses/by-sa/2.0,true
kihada,kihada.jpg,ja:黄肌,https://ja.wikipedia.org/wiki/キハダ,https://upload.wikimedia.org/wikipedia/commons/9/99/Fish4499_-_Flickr_-_NOAA_Photo_Library.jpg,Public domain,"SEFSC Pascagoula Laboratory; Collection of Brandi Noble, NOAA/NMFS/SEFSC.",,false
bincho,bincho.jpg,ja:鬢長,https://ja.wikipedia.org/wiki/ビンナガ,https://upload.wikimedia.org/wikipedia/commons/4/47/Thala_u0.gif,Public domain,,,false
mekajiki,mekajiki.jpg,ja:眼梶木,https://ja.wikipedia.org/wiki/メカジキ,https://upload.wikimedia.org/wikipedia/commons/1/19/Swordfish_natural_environment.jpg,Public domain,NOAA Deep Sea Coral Research &amp; Technology Program-Pelagic Research Services.,,false
mejimaguro,mejimaguro.jpg,ja:メジ鮪,https://ja.wikipedia.org/wiki/クロマグロ,https://upload.wikimedia.org/wikipedia/commons/7/73/Pacific_bluefin_tuna.jpg,CC BY 2.1 jp,aes256,https://creativecommons.org/licenses/by/2.1/jp/deed.en,true
minamimaguro,minamimaguro.jpg,ja:南鮪,https://ja.wikipedia.org/wiki/マグロ,https://upload.wikimedia.org/wikipedia/commons/9/99/Fish4499_-_Flickr_-_NOAA_Photo_Library.jpg,Public domain,"SEFSC Pascagoula Laboratory; Collection of Brandi Noble, NOAA/NMFS/SEFSC.",,false
makajiki,makajiki.jpg,ja:真梶木,https://ja.wikipedia.org/wiki/マカジキ,https://upload.wikimedia.org/wikipedia/commons/f/ff/Stripe_marlin_right_off_the_coast_of_Carrillo.jpg,CC BY-SA 3.0,Jackiemora01,https://creativecommons.org/licenses/by-sa/3.0,true
suma,suma.jpg,ja:スマ,https://ja.wikipedia.org/wiki/スマ,https://upload.wikimedia.org/wikipedia/commons/7/78/Euaff_u0.gif,Public domain,,,false
hirasoda,hirasoda.jpg,ja:平宗太,https://ja.wikipedia.org/wiki/平幹二朗,https://upload.wikimedia.org/wikipedia/commons/e/e2/Hira_Mikijiro.jpg,Public domain,婦人生活社　撮影者不明,,false
hagatsuo,hagatsuo.jpg,ja:歯鰹,https://ja.wikipedia.org/wiki/ハガツオ,https://upload.wikimedia.org/wikipedia/commons/0/0d/Saori_u0.gif,Public domain,,,false
kamatoro,kamatoro.jpg,ja:クロマグロ,https://ja.wikipedia.org/wiki/クロマグロ,https://upload.wikimedia.org/wikipedia/commons/7/73/Pacific_bluefin_tuna.jpg,CC BY 2.1 jp,aes256,https://creativecommons.org/licenses/by/2.1/jp/deed.en,true
masunosuke,masunosuke.jpg,ja:鱒の介,https://ja.wikipedia.org/wiki/マスノスケ,https://upload.wikimedia.org/wikipedia/commons/0/01/Chinook_salmon.jpg,Public domain,,,false
tokishirazu,tokishirazu.jpg,ja:時知らず,https://ja.wikipedia.org/wiki/ニュース_シブ5時,https://upload.wikimedia.org/wikipedia/commons/5/59/News_Shibu5ji.jpg,CC0,Japan Broadcasting Corporation,http://creativecommons.org/publicdomain/zero/1.0/deed.en,false
keiji,keiji.jpg,ja:鮭児,https://ja.wikipedia.org/wiki/サケ,https://upload.wikimedia.org/wikipedia/commons/3/38/Salmon_%28breeding_color%29.jpg,CC BY-SA 3.0,コンピュータが読み取れる情報は提供されていませんが、Vineyardだと推定されます（著作権の主張に基づく）,https://creativecommons.org/licenses/by-sa/3.0,true
ginzake,ginzake.jpg,ja:銀鮭,https://ja.wikipedia.org/wiki/ギンザケ,https://upload.wikimedia.org/wikipedia/commons/9/91/Oncorhynchus_keta.jpeg,Public domain,NOAA,,false
benizake,benizake.jpg,ja:紅鮭,https://ja.wikipedia.org/wiki/ベニザケ,https://upload.wikimedia.org/wikipedia/commons/4/4b/Oncorhynchus_nerka_2.jpg,Public domain,David Menke,,false
sakuramasu,sakuramasu.jpg,ja:桜鱒,https://ja.wikipedia.org/wiki/サクラマス,https://upload.wikimedia.org/wikipedia/commons/8/8e/Oncorhynchus_masou_masou-1.jpg,CC BY 3.0,Apple2000,https://creativecommons.org/licenses/by/3.0,true
nijimasu,nijimasu.jpg,ja:虹鱒,https://ja.wikipedia.org/wiki/日高町_(兵庫県),https://upload.wikimedia.org/wikipedia/commons/9/9e/130914_Uemura_Naomi_Memorial_Museum_Toyooka_Hyogo_pref_Japan01s3.jpg,CC BY 2.5,663highland,https://creativecommons.org/licenses/by/2.5,true
steelhead,steelhead.jpg,ja:スチールヘッド,https://ja.wikipedia.org/wiki/ニジマス,https://upload.wikimedia.org/wikipedia/commons/d/db/Trout.jpg,CC BY-SA 3.0,Jonathunder,https://creativecommons.org/licenses/by-sa/3.0,true
himemasu,himemasu.jpg,ja:姫鱒,https://ja.wikipedia.org/wiki/ヒメマス,https://upload.wikimedia.org/wikipedia/commons/c/c1/Himemasu.JPG,CC0,self,http://creativecommons.org/publicdomain/zero/1.0/deed.en,false
biwamasu,biwamasu.jpg,ja:琵琶鱒,https://ja.wikipedia.org/wiki/ビワマス,https://upload.wikimedia.org/wikipedia/commons/5/5a/BiwaTrout%28LakeBiwa-JP%29.jpg,CC BY-SA 3.0,,http://creativecommons.org/licenses/by-sa/3.0/,true
hamachi,hamachi.jpg,ja:魬,https://ja.wikipedia.org/wiki/ブリ,https://upload.wikimedia.org/wikipedia/commons/a/a9/Seriola_quinqueradiata_%28200810%29.jpg,CC BY-SA 3.0,E-190's,https://creativecommons.org/licenses/by-sa/3.0,true
buri,buri.jpg,ja:鰤,https://ja.wikipedia.org/wiki/ブリ,https://upload.wikimedia.org/wikipedia/commons/a/a9/Seriola_quinqueradiata_%28200810%29.jpg,CC BY-SA 3.0,E-190's,https://creativecommons.org/licenses/by-sa/3.0,true
kanpachi,kanpachi.jpg,ja:間八,https://ja.wikipedia.org/wiki/カンパチ,https://upload.wikimedia.org/wikipedia/commons/2/29/Fish4446_-_Flickr_-_NOAA_Photo_Library.jpg,Public domain,"SEFSC Pascagoula Laboratory; Collection of Brandi Noble, NOAA/NMFS/SEFSC.",,false
shimaaji,shimaaji.jpg,ja:縞鯵,https://ja.wikipedia.org/wiki/シマアジ,https://upload.wikimedia.org/wikipedia/commons/8/88/Pseudocaranx_dentex_121376536.jpg,CC BY 4.0,Julien Renoult,https://creativecommons.org/licenses/by/4.0,true
hiramasa,hiramasa.jpg,ja:平政,https://ja.wikipedia.org/wiki/北流市,https://upload.wikimedia.org/wikipedia/commons/d/df/ChinaGuangxiYulinBeiliu.png,CC BY-SA 4.0,Slb nsk,https://creativecommons.org/licenses/by-sa/4.0,true
saba,saba.jpg,ja:鯖,https://ja.wikipedia.org/wiki/サバ,https://upload.wikimedia.org/wikipedia/commons/8/88/Maquereaux_etal.jpg,Public domain,Jastrow,,false
shimesaba,shimesaba.jpg,ja:サバ,https://ja.wikipedia.org/wiki/サバ,https://upload.wikimedia.org/wikipedia/commons/8/88/Maquereaux_etal.jpg,Public domain,Jastrow,,false
aji,aji.jpg,ja:鯵,https://ja.wikipedia.org/wiki/アジ,https://upload.wikimedia.org/wikipedia/commons/d/d9/MaAji.jpg,CC BY 2.5,Izuzuki,https://creativecommons.org/licenses/by/2.5,true
iwashi,iwashi.jpg,ja:鰯,https://ja.wikipedia.org/wiki/イワシ,https://upload.wikimedia.org/wikipedia/commons/5/53/IWASI_NO_MURE.JPG,CC BY-SA 3.0,C1815,https://creativecommons.org/licenses/by-sa/3.0,true
sanma,sanma.jpg,ja:秋刀魚,https://ja.wikipedia.org/wiki/秋刀魚の味,https://upload.wikimedia.org/wikipedia/commons/a/a1/Kinema-Junpo-1963-February-Special-4.jpg,Public domain,キネマ旬報社,,false
kohada,kohada.jpg,ja:小鰭,https://ja.wikipedia.org/wiki/コノシロ,https://upload.wikimedia.org/wikipedia/commons/e/e7/Konosirus_punctatus.JPG,CC BY-SA 4.0,四葉亭四迷,https://creativecommons.org/licenses/by-sa/4.0,true
sayori,sayori.jpg,ja:細魚,https://ja.wikipedia.org/wiki/サヨリ,https://upload.wikimedia.org/wikipedia/commons/8/82/Hyporhamphus_meeki.jpg,Public domain,"SEFSC Pascagoula Laboratory; Collection of Brandi Noble, NOAA/NMFS/SEFSC NOAA Photo Library",,false
kisu,kisu.jpg,en:Japanese whiting,https://en.wikipedia.org/wiki/Japanese_whiting,https://upload.wikimedia.org/wikipedia/commons/d/d2/Sillago_japonica-02.jpg,CC0,Togabi,http://creativecommons.org/publicdomain/zero/1.0/deed.en,false
nishin,nishin.jpg,ja:鰊,https://ja.wikipedia.org/wiki/ニシン,https://upload.wikimedia.org/wikipedia/commons/b/b0/Clupea_pallasii_by_OpenCage.jpg,CC BY-SA 2.5,,https://creativecommons.org/licenses/by-sa/2.5,true
shirasu,shirasu.jpg,ja:しらす,https://ja.wikipedia.org/wiki/ちりめんじゃこ,https://upload.wikimedia.org/wikipedia/commons/7/70/Chirimenjako_%28zoom%29.JPG,CC BY-SA 4.0,Alpsdake,https://creativecommons.org/licenses/by-sa/4.0,true
kasugo,kasugo.jpg,ja:春子,https://ja.wikipedia.org/wiki/杉村春子,https://upload.wikimedia.org/wikipedia/commons/1/1b/Haruko_Sugimura_01.jpg,Public domain,鵜殿七郎,,false
shinko,shinko.jpg,ja:新子,https://ja.wikipedia.org/wiki/髙樹のぶ子,https://upload.wikimedia.org/wikipedia/commons/a/a8/Nobuko_Tsuruta_201811.jpg,CC BY 4.0,大臣官房人事課,https://creativecommons.org/licenses/by/4.0,true
tobiuo,tobiuo.jpg,ja:飛魚,https://ja.wikipedia.org/wiki/トビウオ,https://upload.wikimedia.org/wikipedia/commons/f/f8/Cheilopogon_melanurusPCCA20070623-3956B.jpg,CC BY-SA 2.5,Patrick Coin (Patrick Coin),https://creativecommons.org/licenses/by-sa/2.5,true
gomasaba,gomasaba.jpg,ja:胡麻鯖,https://ja.wikipedia.org/wiki/胡麻鯖,https://upload.wikimedia.org/wikipedia/commons/7/70/%E3%81%94%E3%81%BE%E3%81%95%E3%81%B0_%28256930677%29.jpg,CC BY-SA 2.0,"ayustety from Tokyo, Japan",https://creativecommons.org/licenses/by-sa/2.0,true
hatahata,hatahata.jpg,ja:鰰,https://ja.wikipedia.org/wiki/ハタハタ,https://upload.wikimedia.org/wikipedia/commons/8/88/Arctoscopus_japonicus_Umigatari.png,CC BY-SA 4.0,Totti,https://creativecommons.org/licenses/by-sa/4.0,true
mamakari,mamakari.jpg,ja:飯借,https://ja.wikipedia.org/wiki/サッパ,https://upload.wikimedia.org/wikipedia/commons/f/f4/Sardinella_zunasi_Shibukawa.jpg,CC BY-SA 4.0,Totti,https://creativecommons.org/licenses/by-sa/4.0,true
shishamo,shishamo.jpg,ja:柳葉魚,https://ja.wikipedia.org/wiki/シシャモ,https://upload.wikimedia.org/wikipedia/commons/b/bd/Spirinchus_lanceolatus_1.jpg,CC BY-SA 4.0,Totti,https://creativecommons.org/licenses/by-sa/4.0,true
kibinago,kibinago.jpg,ja:黍魚子,https://ja.wikipedia.org/wiki/キビナゴ,https://upload.wikimedia.org/wikipedia/commons/8/8c/XRF-Spratelloides_gracilis.jpg,CC BY 3.0,Xavier Romero-Frias,https://creativecommons.org/licenses/by/3.0,true
tai,tai.jpg,ja:鯛,https://ja.wikipedia.org/wiki/鯛,https://upload.wikimedia.org/wikipedia/commons/b/b9/Pagrus_major_Red_seabream_ja01.jpg,CC BY-SA 3.0,Miya,http://creativecommons.org/licenses/by-sa/3.0/,true
hirame,hirame.jpg,en:Olive flounder,https://en.wikipedia.org/wiki/Olive_flounder,https://upload.wikimedia.org/wikipedia/commons/8/8c/Paralichthys-olivaceus-Federal-Way-3583.jpg,CC BY-SA 3.0,User:Vmenkov,http://creativecommons.org/licenses/by-sa/3.0/,true
engawa,engawa.jpg,ja:ヒラメ,https://ja.wikipedia.org/wiki/ヒラメ,https://upload.wikimedia.org/wikipedia/commons/9/90/Paralichthys_olivaceus.jpg,CC BY-SA 2.5,Daiju Azuma,https://creativecommons.org/licenses/by-sa/2.5,true
karei,karei.jpg,ja:鰈,https://ja.wikipedia.org/wiki/カレイ,https://upload.wikimedia.org/wikipedia/commons/9/95/Pleuronectes_platessa.jpg,CC BY-SA 4.0,Hans Hillewaert,https://creativecommons.org/licenses/by-sa/4.0,true
suzuki,suzuki.jpg,ja:鱸,https://ja.wikipedia.org/wiki/スズキ_(魚),https://upload.wikimedia.org/wikipedia/commons/8/87/%E3%82%B9%E3%82%BA%E3%82%AD.jpg,CC0,Kinori,http://creativecommons.org/publicdomain/zero/1.0/deed.en,false
kinmedai,kinmedai.jpg,ja:金目鯛,https://ja.wikipedia.org/wiki/キンメダイ,https://upload.wikimedia.org/wikipedia/commons/7/7c/Splendid_alfonsino_%28_Beryx_splendens_%29.jpg,Public domain,"NOAA's Fisheries Collection , SEFSC Pascagoula Laboratory; Collection of Brandi Noble, NOAA/NMFS/SEFSC",,false
nodoguro,nodoguro.jpg,ja:喉黒,https://ja.wikipedia.org/wiki/アカムツ,https://upload.wikimedia.org/wikipedia/commons/c/c8/Doederleinia_berycoides_in_the_market_2.png,CC BY-SA 4.0,Totti,https://creativecommons.org/licenses/by-sa/4.0,true
isaki,isaki.jpg,ja:伊佐木,https://ja.wikipedia.org/wiki/イサキ,https://upload.wikimedia.org/wikipedia/commons/4/48/Isaki0912.jpg,CC BY-SA 3.0,ふうけ,https://creativecommons.org/licenses/by-sa/3.0,true
fugu,fugu.jpg,ja:河豚,https://ja.wikipedia.org/wiki/フグ,https://upload.wikimedia.org/wikipedia/commons/2/25/Fugu_in_Tank.jpg,CC BY-SA 3.0,,https://creativecommons.org/licenses/by-sa/3.0,true
sawara,sawara.jpg,ja:鰆,https://ja.wikipedia.org/wiki/サワラ,https://upload.wikimedia.org/wikipedia/commons/c/cd/Scnip_u0.gif,Public domain,,,false
kamasu,kamasu.jpg,ja:魳,https://ja.wikipedia.org/wiki/カマス,https://upload.wikimedia.org/wikipedia/commons/8/81/Great_Barracuda_off_the_Netherland_Antilles.jpg,CC BY-SA 2.5,オリジナルのアップロード者は英語版ウィキペディアのAquaimagesさん,https://creativecommons.org/licenses/by-sa/2.5,true
tachiuo,tachiuo.jpg,ja:太刀魚,https://ja.wikipedia.org/wiki/タチウオ,https://upload.wikimedia.org/wikipedia/commons/7/75/Trichiurus_lepturus_by_OpenCage.jpg,CC BY-SA 2.5,,https://creativecommons.org/licenses/by-sa/2.5,true
kue,kue.jpg,ja:九絵,https://ja.wikipedia.org/wiki/クエ,https://upload.wikimedia.org/wikipedia/commons/b/bd/Epinephelus_bruneus_tokai.jpg,CC BY-SA 4.0,Totti,https://creativecommons.org/licenses/by-sa/4.0,true
kuromutsu,kuromutsu.jpg,ja:黒鯥,https://ja.wikipedia.org/wiki/アブラソコムツ,https://upload.wikimedia.org/wikipedia/commons/b/b3/Lepidocybium_flavobrunneum.jpg,Public domain,不明Unknown author,,false
shirauo,shirauo.jpg,ja:白魚,https://ja.wikipedia.org/wiki/桑名宿,https://upload.wikimedia.org/wikipedia/commons/7/75/Tokaido42_Kuwana.jpg,Public domain,歌川広重,,false
amadai,amadai.jpg,ja:甘鯛,https://ja.wikipedia.org/wiki/アマダイ,https://upload.wikimedia.org/wikipedia/commons/7/73/Akaamadai0905.jpg,CC BY-SA 3.0,ふうけ,https://creativecommons.org/licenses/by-sa/3.0,true
kawahagi,kawahagi.jpg,ja:皮剥,https://ja.wikipedia.org/wiki/カワハギ,https://upload.wikimedia.org/wikipedia/commons/b/bc/Kawahagi.jpg,CC BY-SA 3.0,E-190,http://creativecommons.org/licenses/by-sa/3.0/,true
madara,madara.jpg,ja:真鱈,https://ja.wikipedia.org/wiki/マダラ,https://upload.wikimedia.org/wikipedia/commons/f/f0/Pacific_cod_-_cropped.jpg,Public domain,,,false
ara,ara.jpg,ja:アラ,https://ja.wikipedia.org/wiki/アラ・パキス,https://upload.wikimedia.org/wikipedia/commons/0/07/AraPacisFullFrontal2.JPG,CC BY-SA 4.0,Photo by Chris Nas; sculpture by unknown Roman artist,https://creativecommons.org/licenses/by-sa/4.0,true
magochi,magochi.jpg,ja:真鯒,https://ja.wikipedia.org/wiki/マゴチ,https://upload.wikimedia.org/wikipedia/commons/b/bd/MaKC.jpg,CC BY 2.5,Izuzuki,https://creativecommons.org/licenses/by/2.5,true
mahata,mahata.jpg,ja:真羽太,https://ja.wikipedia.org/wiki/マハタ,https://upload.wikimedia.org/wikipedia/commons/d/da/Epinephelus_septemfasciatus_Enosui1.jpg,CC BY-SA 4.0,Totti,https://creativecommons.org/licenses/by-sa/4.0,true
hobo,hobo.jpg,ja:魴鮄,https://ja.wikipedia.org/wiki/ホウボウ,https://upload.wikimedia.org/wikipedia/commons/7/75/Helidonichthys_spinosus%2C_crop.jpg,CC BY-SA 2.5,Daiju Azuma,https://creativecommons.org/licenses/by-sa/2.5,true
oniokoze,oniokoze.jpg,ja:鬼虎魚,https://ja.wikipedia.org/wiki/オニオコゼ,https://upload.wikimedia.org/wikipedia/commons/5/5a/OniOZ2013110904.jpg,CC BY-SA 3.0,Izuzuki,https://creativecommons.org/licenses/by-sa/3.0,true
ainame,ainame.jpg,ja:鮎並,https://ja.wikipedia.org/wiki/アイナメ,https://upload.wikimedia.org/wikipedia/commons/5/5c/Naturalis_Biodiversity_Center_-_RMNH.ART.310_-_Hexagrammos_otakii_Jordan_and_Starks_-_Kawahara_Keiga_-_1823_-_1829_-_Siebold_Collection_-_pencil_drawing_-_water_colour_2.jpeg,Public domain,Jordan and Starks,,false
ishidai,ishidai.jpg,ja:石鯛,https://ja.wikipedia.org/wiki/イシダイ,https://upload.wikimedia.org/wikipedia/commons/c/cd/%E7%9F%B3%E9%AF%9B_Oplegnathus.jpg,CC BY-SA 4.0,Ishuty,https://creativecommons.org/licenses/by-sa/4.0,true
mejina,mejina.jpg,ja:眼仁奈,https://ja.wikipedia.org/wiki/メジナ,https://upload.wikimedia.org/wikipedia/commons/4/43/%E3%83%A1%E3%82%B8%E3%83%8A_%2815257760119%29.jpg,CC BY-SA 2.0,"harum.koh from Kobe city, Japan",https://creativecommons.org/licenses/by-sa/2.0,true
mebaru,mebaru.jpg,ja:眼張,https://ja.wikipedia.org/wiki/メバル,https://upload.wikimedia.org/wikipedia/commons/b/b6/Sebastes_Inermis.jpg,CC BY-SA 3.0,Daiju Azuma,http://creativecommons.org/licenses/by-sa/3.0/,true
managatsuo,managatsuo.jpg,ja:真魚鰹,https://ja.wikipedia.org/wiki/マナガツオ科,https://upload.wikimedia.org/wikipedia/commons/0/0f/Poronotus_triacanthus.jpg,Public domain,,,false
hirasuzuki,hirasuzuki.jpg,ja:平鱸,https://ja.wikipedia.org/wiki/スズキ_(魚),https://upload.wikimedia.org/wikipedia/commons/8/87/%E3%82%B9%E3%82%BA%E3%82%AD.jpg,CC0,Kinori,http://creativecommons.org/publicdomain/zero/1.0/deed.en,false
kasago,kasago.jpg,ja:笠子,https://ja.wikipedia.org/wiki/カッ,https://upload.wikimedia.org/wikipedia/commons/6/61/Korea-gat-01.jpg,CC BY-SA 3.0,user:Daderot,http://creativecommons.org/licenses/by-sa/3.0/,true
ayu,ayu.jpg,ja:鮎,https://ja.wikipedia.org/wiki/鮎の瀬大橋,https://upload.wikimedia.org/wikipedia/commons/7/7d/Ayunose_bridge_1.jpg,CC BY-SA 3.0,日本語版ウィキペディアのMK Productsさん,http://creativecommons.org/licenses/by-sa/3.0/,true
matodai,matodai.jpg,ja:的鯛,https://ja.wikipedia.org/wiki/マトウダイ,https://upload.wikimedia.org/wikipedia/commons/d/df/Zeus.faber_2.jpg,CC BY-SA 3.0,de:Benutzer:Kleines.Opossum,http://creativecommons.org/licenses/by-sa/3.0/,true
itoyoridai,itoyoridai.jpg,ja:糸縒鯛,https://ja.wikipedia.org/wiki/イトヨリダイ,https://upload.wikimedia.org/wikipedia/commons/e/ec/Nemipterus_virgatus_on_the_market.jpg,CC BY-SA 4.0,Totti,https://creativecommons.org/licenses/by-sa/4.0,true
hakkaku,hakkaku.jpg,ja:八角,https://ja.wikipedia.org/wiki/八角堂,https://upload.wikimedia.org/wikipedia/commons/3/39/Horyu-ji36s3200.jpg,CC BY 2.5,663highland,https://creativecommons.org/licenses/by/2.5,true
ibodai,ibodai.jpg,ja:疣鯛,https://ja.wikipedia.org/wiki/イボダイ,https://upload.wikimedia.org/wikipedia/commons/7/7c/Japanese_butterfish.jpg,CC BY-SA 3.0,Shizuha (talk),https://creativecommons.org/licenses/by-sa/3.0,true
kidai,kidai.jpg,ja:黄鯛,https://ja.wikipedia.org/wiki/キダイ,https://upload.wikimedia.org/wikipedia/commons/d/de/Dentex_tumifrons_Kyoto_aquarium_1.jpg,CC BY-SA 4.0,Totti,https://creativecommons.org/licenses/by-sa/4.0,true
mutsu,mutsu.jpg,ja:鯥,https://ja.wikipedia.org/wiki/アブラソコムツ,https://upload.wikimedia.org/wikipedia/commons/b/b3/Lepidocybium_flavobrunneum.jpg,Public domain,不明Unknown author,,false
ishigarei,ishigarei.jpg,ja:石鰈,https://ja.wikipedia.org/wiki/カレイ,https://upload.wikimedia.org/wikipedia/commons/9/95/Pleuronectes_platessa.jpg,CC BY-SA 4.0,Hans Hillewaert,https://creativecommons.org/licenses/by-sa/4.0,true
akayagara,akayagara.jpg,ja:赤矢柄,https://ja.wikipedia.org/wiki/アカヤガラ,https://upload.wikimedia.org/wikipedia/commons/7/76/Fistularia_petimba_Brazil.png,CC BY 3.0,Carla Isobel Elliff,https://creativecommons.org/licenses/by/3.0,true
ohyo,ohyo.jpg,ja:大鮃,https://ja.wikipedia.org/wiki/オヒョウ,https://upload.wikimedia.org/wikipedia/commons/4/4b/Hippoglossus_hippoglossus.jpg,Public domain,,,false
akodai,akodai.jpg,ja:アコウダイ,https://ja.wikipedia.org/wiki/アコウダイ,https://upload.wikimedia.org/wikipedia/commons/f/f1/Akodai.jpg,Public domain,歌川広重,,false
medai,medai.jpg,ja:目鯛,https://ja.wikipedia.org/wiki/鯛,https://upload.wikimedia.org/wikipedia/commons/b/b9/Pagrus_major_Red_seabream_ja01.jpg,CC BY-SA 3.0,Miya,http://creativecommons.org/licenses/by-sa/3.0/,true
kichiji,kichiji.jpg,ja:喜知次,https://ja.wikipedia.org/wiki/第二次世界大戦,https://upload.wikimedia.org/wikipedia/commons/e/ee/WW2_collage.jpg,Public domain,несколько авторов; подробнее в описании исходных файлов. Обработал Полиционер.,,false
fuedai,fuedai.jpg,ja:笛鯛,https://ja.wikipedia.org/wiki/フエダイ,https://upload.wikimedia.org/wikipedia/commons/c/cb/HueDI.jpg,CC BY-SA 2.5,Izuzuki,https://creativecommons.org/licenses/by-sa/2.5,true
kijihata,kijihata.jpg,ja:雉羽太,https://ja.wikipedia.org/wiki/キジハタ,https://upload.wikimedia.org/wikipedia/commons/d/db/Epinephelus_akaara_Toba.jpg,CC BY-SA 4.0,Totti,https://creativecommons.org/licenses/by-sa/4.0,true
takabe,takabe.jpg,ja:タカベ,https://ja.wikipedia.org/wiki/タカベ,https://upload.wikimedia.org/wikipedia/commons/1/1a/%E3%82%BF%E3%82%AB%E3%83%99.jpg,CC BY-SA 4.0,Temochiz,https://creativecommons.org/licenses/by-sa/4.0,true
mehikari,mehikari.jpg,ja:目光,https://ja.wikipedia.org/wiki/京瀋旅客専用線,https://upload.wikimedia.org/wikipedia/commons/5/56/CRH380AM-0204_at_Beinianfeng_%2820201027150405%29.jpg,CC BY-SA 4.0,N509FZ,https://creativecommons.org/licenses/by-sa/4.0,true
higedara,higedara.jpg,ja:髭鱈,https://ja.wikipedia.org/wiki/弓矢,https://upload.wikimedia.org/wikipedia/commons/e/ee/Aphaia_pediment_polychrome_model_W-XI_Glyptothek_Munich.jpg,Public domain,不明Unknown artist,,false
hamadai,hamadai.jpg,ja:浜鯛,https://ja.wikipedia.org/wiki/鯛麺,https://upload.wikimedia.org/wikipedia/commons/a/a0/Taisoumen3935.JPG,CC BY-SA 3.0,ja:User:Nnn,https://creativecommons.org/licenses/by-sa/3.0,true
hokke,hokke.jpg,ja:ホッケ,https://ja.wikipedia.org/wiki/ホッケ,https://upload.wikimedia.org/wikipedia/commons/2/2e/Pleurogrammus_azonus_2.jpg,CC BY-SA 2.5,コンピュータが読み取れる情報は提供されていませんが、Haplochromisだと推定されます（著作権の主張に基づく）,https://creativecommons.org/licenses/by-sa/2.5,true
shiira,shiira.jpg,ja:鱪,https://ja.wikipedia.org/wiki/シイラ,https://upload.wikimedia.org/wikipedia/commons/9/94/Coryphaenahippurus.JPG,CC BY-SA 3.0,Citron,https://creativecommons.org/licenses/by-sa/3.0,true
menuke,menuke.jpg,ja:目抜,https://ja.wikipedia.org/wiki/メヌケ,https://upload.wikimedia.org/wikipedia/commons/0/04/Sebastes_flammeus_Stuffed_specimen.jpg,CC BY-SA 3.0,Photaro,https://creativecommons.org/licenses/by-sa/3.0,true
sugi,sugi.jpg,ja:スギ,https://ja.wikipedia.org/wiki/スギ,https://upload.wikimedia.org/wikipedia/commons/8/8b/Taro-sugi_20111002.jpg,Public domain,Batholith,,false
hoshigarei,hoshigarei.jpg,ja:星鰈,https://ja.wikipedia.org/wiki/カレイ,https://upload.wikimedia.org/wikipedia/commons/9/95/Pleuronectes_platessa.jpg,CC BY-SA 4.0,Hans Hillewaert,https://creativecommons.org/licenses/by-sa/4.0,true
matsukawa,matsukawa.jpg,ja:松皮鰈,https://ja.wikipedia.org/wiki/カレイ,https://upload.wikimedia.org/wikipedia/commons/9/95/Pleuronectes_platessa.jpg,CC BY-SA 4.0,Hans Hillewaert,https://creativecommons.org/licenses/by-sa/4.0,true
unagi,unagi.jpg,ja:鰻,https://ja.wikipedia.org/wiki/ウナギ,https://upload.wikimedia.org/wikipedia/commons/5/58/Anguilla_anguilla.jpg,CC BY-SA 3.0,GerardM,http://creativecommons.org/licenses/by-sa/3.0/,true
anago,anago.jpg,ja:穴子,https://ja.wikipedia.org/wiki/アナゴ,https://upload.wikimedia.org/wikipedia/commons/7/71/Observation_d%27un_congre_%28Conger_conger%29_par_390_m_de_fond_%28Ifremer_00621-73303%29.jpg,CC BY 4.0,,https://creativecommons.org/licenses/by/4.0,true
hamo,hamo.jpg,ja:鱧,https://ja.wikipedia.org/wiki/ハモ,https://upload.wikimedia.org/wikipedia/commons/1/1d/Muraenesox_cinereus.JPG,CC BY 3.0,James Lin,https://creativecommons.org/licenses/by/3.0,true
noresore,noresore.jpg,ja:のれそれ,https://ja.wikipedia.org/wiki/シッチェス・カタロニア国際映画祭,https://upload.wikimedia.org/wikipedia/commons/c/c2/Festival_Internacional_de_Cinema_de_Catalunya_2009.JPG,CC BY-SA 3.0,Baggio,https://creativecommons.org/licenses/by-sa/3.0,true
ebi,ebi.jpg,ja:海老,https://ja.wikipedia.org/wiki/エビ,https://upload.wikimedia.org/wikipedia/commons/a/a5/PanulirusJaponicus.jpg,CC BY-SA 3.0,,http://creativecommons.org/licenses/by-sa/3.0/,true
amaebi,amaebi.jpg,ja:甘海老,https://ja.wikipedia.org/wiki/ホッコクアカエビ,https://upload.wikimedia.org/wikipedia/commons/1/19/Pandalus_eous_Kamo.jpg,CC BY-SA 4.0,Totti,https://creativecommons.org/licenses/by-sa/4.0,true
botanebi,botanebi.jpg,ja:牡丹海老,https://ja.wikipedia.org/wiki/ボタンエビ,https://upload.wikimedia.org/wikipedia/commons/d/d7/Botanebi_Numazu_Aquarium_1.jpg,CC BY-SA 4.0,Totti,https://creativecommons.org/licenses/by-sa/4.0,true
shako,shako.jpg,ja:蝦蛄,https://ja.wikipedia.org/wiki/シャコ,https://upload.wikimedia.org/wikipedia/commons/d/d0/Oratosquilla_oratoria_Miyajima.jpg,CC BY-SA 4.0,Totti,https://creativecommons.org/licenses/by-sa/4.0,true
zuwaigani,zuwaigani.jpg,ja:楚蟹,https://ja.wikipedia.org/wiki/ズワイガニ,https://upload.wikimedia.org/wikipedia/commons/2/2e/Chionoecetes_opilio_Kanikkokan.jpg,CC BY-SA 4.0,Totti,https://creativecommons.org/licenses/by-sa/4.0,true
tarabagani,tarabagani.jpg,ja:鱈場蟹,https://ja.wikipedia.org/wiki/タラバガニ,https://upload.wikimedia.org/wikipedia/commons/c/cd/KingCrab.jpg,CC BY-SA 3.0,,http://creativecommons.org/licenses/by-sa/3.0/,true
kegani,kegani.jpg,ja:毛蟹,https://ja.wikipedia.org/wiki/ケガニ,https://upload.wikimedia.org/wikipedia/commons/9/98/Erimacrus_isenbeckii_Hakodate.jpg,CC BY-SA 4.0,Totti,https://creativecommons.org/licenses/by-sa/4.0,true
sakuraebi,sakuraebi.jpg,ja:桜海老,https://ja.wikipedia.org/wiki/サクラエビ,https://upload.wikimedia.org/wikipedia/commons/f/f1/Sergia_lucens_by_OpenCage.jpg,CC BY-SA 2.5,,https://creativecommons.org/licenses/by-sa/2.5,true
shiraebi,shiraebi.jpg,ja:白海老,https://ja.wikipedia.org/wiki/シラエビ,https://upload.wikimedia.org/wikipedia/commons/d/d2/Shiroebi.jpg,CC BY-SA 3.0,日本語版ウィキペディアの0840kenjiさん,http://creativecommons.org/licenses/by-sa/3.0/,true
shimaebi,shimaebi.jpg,ja:縞海老,https://ja.wikipedia.org/wiki/イセエビ,https://upload.wikimedia.org/wikipedia/commons/a/a5/PanulirusJaponicus.jpg,CC BY-SA 3.0,,http://creativecommons.org/licenses/by-sa/3.0/,true
budoebi,budoebi.jpg,ja:葡萄海老,https://ja.wikipedia.org/wiki/エビ,https://upload.wikimedia.org/wikipedia/commons/a/a5/PanulirusJaponicus.jpg,CC BY-SA 3.0,,http://creativecommons.org/licenses/by-sa/3.0/,true
benizuwaigani,benizuwaigani.jpg,ja:紅楚蟹,https://ja.wikipedia.org/wiki/ズワイガニ,https://upload.wikimedia.org/wikipedia/commons/2/2e/Chionoecetes_opilio_Kanikkokan.jpg,CC BY-SA 4.0,Totti,https://creativecommons.org/licenses/by-sa/4.0,true
gazami,gazami.jpg,ja:蝤蛑,https://ja.wikipedia.org/wiki/ガザミ,https://upload.wikimedia.org/wikipedia/commons/e/e6/Portunus_trituberculatus.jpg,CC BY-SA 3.0,self,https://creativecommons.org/licenses/by-sa/3.0,true
kumaebi,kumaebi.jpg,ja:隈海老,https://ja.wikipedia.org/wiki/東海市,https://upload.wikimedia.org/wikipedia/commons/0/0c/View_from_Takinomizu_Park_04%2C_Shinonokaze_Midori_Ward_Nagoya_2019.jpg,CC BY-SA 4.0,Tomio344456,https://creativecommons.org/licenses/by-sa/4.0,true
iseebi,iseebi.jpg,ja:伊勢海老,https://ja.wikipedia.org/wiki/イセエビ,https://upload.wikimedia.org/wikipedia/commons/a/a5/PanulirusJaponicus.jpg,CC BY-SA 3.0,,http://creativecommons.org/licenses/by-sa/3.0/,true
akazaebi,akazaebi.jpg,ja:藜海老,https://ja.wikipedia.org/wiki/アカザエビ,https://upload.wikimedia.org/wikipedia/commons/b/b3/Metanephrops_japonicus_edit.jpg,Public domain,Dieno,,false
ibaramoebi,ibaramoebi.jpg,ja:イバラモエビ,https://ja.wikipedia.org/wiki/イバラモエビ,https://upload.wikimedia.org/wikipedia/commons/4/4d/Ibaramoebi1402.jpg,CC BY-SA 3.0,ふうけ,https://creativecommons.org/licenses/by-sa/3.0,true
gasuebi,gasuebi.jpg,ja:ガス海老,https://ja.wikipedia.org/wiki/東海市,https://upload.wikimedia.org/wikipedia/commons/0/0c/View_from_Takinomizu_Park_04%2C_Shinonokaze_Midori_Ward_Nagoya_2019.jpg,CC BY-SA 4.0,Tomio344456,https://creativecommons.org/licenses/by-sa/4.0,true
hotate,hotate.jpg,ja:帆立,https://ja.wikipedia.org/wiki/ホタテガイ,https://upload.wikimedia.org/wikipedia/commons/5/59/Japan_sea_animal%2C_Ezo_giant_scallop_%28Mizuhopecten_yessoensis%29_%2815152229484%29.jpg,CC BY-SA 2.0,"harum.koh from Kobe city, Japan",https://creativecommons.org/licenses/by-sa/2.0,true
akagai,akagai.jpg,ja:赤貝,https://ja.wikipedia.org/wiki/アカガイ,https://upload.wikimedia.org/wikipedia/commons/1/12/Anadara_broughtonii_-_Osaka_Museum_of_Natural_History_-_DSC07791.JPG,CC0,Daderot,http://creativecommons.org/publicdomain/zero/1.0/deed.en,false
hokkigai,hokkigai.jpg,ja:北寄貝,https://ja.wikipedia.org/wiki/ウバガイ,https://upload.wikimedia.org/wikipedia/commons/d/d6/Pseudocardium_sachalinense.JPG,CC BY-SA 4.0,ja:user:たかはし,https://creativecommons.org/licenses/by-sa/4.0,true
tsubugai,tsubugai.jpg,ja:螺,https://ja.wikipedia.org/wiki/ツブ,https://upload.wikimedia.org/wikipedia/commons/4/49/Whelks_at_a_fish_market_in_Japan.jpg,Public domain,me,,false
mirugai,mirugai.jpg,ja:海松貝,https://ja.wikipedia.org/wiki/ミル_(海藻),https://upload.wikimedia.org/wikipedia/commons/8/89/Codium_fragile_%282132259079%29.jpg,CC BY 2.0,"Jerry Kirkhart from Los Osos, Calif.",https://creativecommons.org/licenses/by/2.0,true
awabi,awabi.jpg,ja:鮑,https://ja.wikipedia.org/wiki/アワビ,https://upload.wikimedia.org/wikipedia/commons/5/5f/Awabi_03.JPG,CC BY 2.5,N yotarou,https://creativecommons.org/licenses/by/2.5,true
kaki,kaki.jpg,ja:牡蠣,https://ja.wikipedia.org/wiki/カキ_(貝),https://upload.wikimedia.org/wikipedia/commons/2/28/Huitres_Cancale.jpg,CC BY-SA 3.0,Myrabella,https://creativecommons.org/licenses/by-sa/3.0,true
tairagai,tairagai.jpg,ja:平貝,https://ja.wikipedia.org/wiki/タイラギ,https://upload.wikimedia.org/wikipedia/commons/3/3f/%E3%82%BF%E3%82%A4%E3%83%A9%E3%82%AE.jpg,CC BY-SA 3.0,Labrax,http://creativecommons.org/licenses/by-sa/3.0/,true
torigai,torigai.jpg,ja:鳥貝,https://ja.wikipedia.org/wiki/トリガイ,https://upload.wikimedia.org/wikipedia/commons/d/d3/Fulvia_mutica_by_OpenCage.jpg,CC BY-SA 2.5,,https://creativecommons.org/licenses/by-sa/2.5,true
aoyagi,aoyagi.jpg,ja:青柳,https://ja.wikipedia.org/wiki/青柳信雄,https://upload.wikimedia.org/wikipedia/commons/4/41/Aoyagi-Nobuo-1.jpg,Public domain,"産業経済新聞社（Sankei Shinbun Co., Ltd.）",,false
kobashira,kobashira.jpg,ja:バカガイ,https://ja.wikipedia.org/wiki/バカガイ,https://upload.wikimedia.org/wikipedia/commons/0/0f/Mactra_chinensis.jpg,CC BY-SA 3.0,self,https://creativecommons.org/licenses/by-sa/3.0,true
ishigakigai,ishigakigai.jpg,ja:石垣貝,https://ja.wikipedia.org/wiki/石垣市,https://upload.wikimedia.org/wikipedia/commons/4/41/Ishigaki_montage.JPG,CC BY-SA 3.0,mti,https://creativecommons.org/licenses/by-sa/3.0,true
tokobushi,tokobushi.jpg,ja:常節,https://ja.wikipedia.org/wiki/トコブシ,https://upload.wikimedia.org/wikipedia/commons/1/15/%E3%83%88%E3%82%B3%E3%83%96%E3%82%B7.jpg,CC BY-SA 3.0,Kaizaemon,https://creativecommons.org/licenses/by-sa/3.0,true
bai,bai.jpg,ja:バイ貝,https://ja.wikipedia.org/wiki/バイ,https://upload.wikimedia.org/wikipedia/commons/c/c7/Babylonia_japonica_01.JPG,CC BY-SA 3.0,H. Zell,https://creativecommons.org/licenses/by-sa/3.0,true
shiromiru,shiromiru.jpg,ja:白海松,https://ja.wikipedia.org/wiki/アメリカナミガイ,https://upload.wikimedia.org/wikipedia/commons/e/e9/Geoduck_held_in_two_hands.jpg,CC BY 4.0,The Evergreen State College,https://creativecommons.org/licenses/by/4.0,true
sazae,sazae.jpg,ja:栄螺,https://ja.wikipedia.org/wiki/サザエ,https://upload.wikimedia.org/wikipedia/commons/5/5a/Turbo_cornutus_1.jpg,Public domain,Takahashi,,false
saragai,saragai.jpg,ja:皿貝,https://ja.wikipedia.org/wiki/貝,https://upload.wikimedia.org/wikipedia/commons/4/44/Haeckel_Prosobranchia.jpg,Public domain,エルンスト・ヘッケル,,false
akanishigai,akanishigai.jpg,ja:赤螺,https://ja.wikipedia.org/wiki/アカニシ,https://upload.wikimedia.org/wikipedia/commons/f/fb/Rapana_Black_Sea_2008_G1.jpg,Public domain,George Chernilevsky,,false
akoyagai,akoyagai.jpg,ja:阿古屋貝,https://ja.wikipedia.org/wiki/アコヤガイ,https://upload.wikimedia.org/wikipedia/commons/d/df/Akoya-gai_from_Ago_Bay.jpg,Public domain,Miyuki Meinaka,,false
akagaihimo,akagaihimo.jpg,ja:アカガイ,https://ja.wikipedia.org/wiki/アカガイ,https://upload.wikimedia.org/wikipedia/commons/1/12/Anadara_broughtonii_-_Osaka_Museum_of_Natural_History_-_DSC07791.JPG,CC0,Daderot,http://creativecommons.org/publicdomain/zero/1.0/deed.en,false
hamaguri,hamaguri.jpg,ja:蛤,https://ja.wikipedia.org/wiki/ハマグリ,https://upload.wikimedia.org/wikipedia/commons/2/26/Meretrix_lusoria.jpg,CC BY-SA 3.0,self,https://creativecommons.org/licenses/by-sa/3.0,true
asari,asari.jpg,ja:浅蜊,https://ja.wikipedia.org/wiki/アサリ,https://upload.wikimedia.org/wikipedia/commons/4/4b/Ruditapes_philippinarum.jpg,Public domain,,,false
ika,ika.jpg,ja:烏賊,https://ja.wikipedia.org/wiki/イカ,https://upload.wikimedia.org/wikipedia/commons/e/e0/Sepioteuthis_lessoniana_R%C3%A9union.JPG,CC BY-SA 3.0,Philippe Bourjon,https://creativecommons.org/licenses/by-sa/3.0,true
tako,tako.jpg,ja:蛸,https://ja.wikipedia.org/wiki/タコ,https://upload.wikimedia.org/wikipedia/commons/d/d7/Octopoda_montage.jpg,CC BY-SA 4.0,"File:Octopus2.jpg: Albert kok
File:Enteroctopus dolfeini.jpg: [1]
File:Papierboot Argonauta 200705181139.jpg: Bernd Hofmann at de.wikipedia
File:Opisthoteuthis californiana.jpg: Citron original from [2]",https://creativecommons.org/licenses/by-sa/4.0,true
hotaruika,hotaruika.jpg,ja:蛍烏賊,https://ja.wikipedia.org/wiki/ホタルイカ,https://upload.wikimedia.org/wikipedia/commons/7/77/Watasenia_scintillans.jpg,Public domain,ja:user:Dieno,,false
aoriika,aoriika.jpg,ja:障泥烏賊,https://ja.wikipedia.org/wiki/アオリイカ,https://upload.wikimedia.org/wikipedia/commons/8/80/Sepioteuthis_lessoniana_Kamo2.jpg,CC BY-SA 4.0,Totti,https://creativecommons.org/licenses/by-sa/4.0,true
sumiika,sumiika.jpg,ja:墨烏賊,https://ja.wikipedia.org/wiki/コウイカ,https://upload.wikimedia.org/wikipedia/commons/f/f5/Sepia_esculenta_Osaka.jpg,CC BY-SA 3.0,Kuribo,https://creativecommons.org/licenses/by-sa/3.0,true
shinika,shinika.jpg,ja:新烏賊,https://ja.wikipedia.org/wiki/ワイシャツ,https://upload.wikimedia.org/wikipedia/commons/7/7e/Gdd500.jpg,CC BY-SA 4.0,H kamata,https://creativecommons.org/licenses/by-sa/4.0,true
yariika,yariika.jpg,ja:槍烏賊,https://ja.wikipedia.org/wiki/ヤリイカ,https://upload.wikimedia.org/wikipedia/commons/b/ba/Heterololigo_bleekeri.jpg,CC0,"Sasaki, M. 1929. A Monograph of the Dibranchiate Cephalopods of the Japanese and Adjacent Waters. Journal of the College of Agriculture, Hokkaido Imperial University, 20(supplement):357 pages.",http://creativecommons.org/publicdomain/zero/1.0/deed.en,false
kensakiika,kensakiika.jpg,ja:剣先烏賊,https://ja.wikipedia.org/wiki/星・星座に関する方言,https://upload.wikimedia.org/wikipedia/commons/2/22/Astronomy_Amateur_3_V2.jpg,CC BY-SA 3.0,User Halfblue on en.wikipedia,http://creativecommons.org/licenses/by-sa/3.0/,true
surumeika,surumeika.jpg,ja:鯣烏賊,https://ja.wikipedia.org/wiki/スルメイカ,https://upload.wikimedia.org/wikipedia/commons/9/9a/Todarodes_pacificus_ruler.jpg,CC BY-SA 3.0,self,https://creativecommons.org/licenses/by-sa/3.0,true
kaminariika,kaminariika.jpg,ja:雷烏賊,https://ja.wikipedia.org/wiki/金子兜太,https://upload.wikimedia.org/wikipedia/commons/2/27/KANEKO_TOTA.jpg,CC BY-SA 4.0,俳句同人誌「海原」編集長堀之内長一氏,https://creativecommons.org/licenses/by-sa/4.0,true
sodeika,sodeika.jpg,ja:袖烏賊,https://ja.wikipedia.org/wiki/ワイシャツ,https://upload.wikimedia.org/wikipedia/commons/7/7e/Gdd500.jpg,CC BY-SA 4.0,H kamata,https://creativecommons.org/licenses/by-sa/4.0,true
niika,niika.jpg,ja:スルメイカ,https://ja.wikipedia.org/wiki/スルメイカ,https://upload.wikimedia.org/wikipedia/commons/9/9a/Todarodes_pacificus_ruler.jpg,CC BY-SA 3.0,self,https://creativecommons.org/licenses/by-sa/3.0,true
geso,geso.jpg,ja:スルメイカ,https://ja.wikipedia.org/wiki/スルメイカ,https://upload.wikimedia.org/wikipedia/commons/9/9a/Todarodes_pacificus_ruler.jpg,CC BY-SA 3.0,self,https://creativecommons.org/licenses/by-sa/3.0,true
mizudako,mizudako.jpg,ja:水蛸,https://ja.wikipedia.org/wiki/ミズダコ,https://upload.wikimedia.org/wikipedia/commons/5/52/Enteroctopus_dofleini_in_aquarium_rotated.jpg,CC0,User:Bachrach44,http://creativecommons.org/publicdomain/zero/1.0/deed.en,false
ikura,ikura.jpg,ja:いくら,https://ja.wikipedia.org/wiki/イクラ,https://upload.wikimedia.org/wikipedia/commons/d/d2/Ikura.jpg,CC BY-SA 3.0,Hykw-a4,http://creativecommons.org/licenses/by-sa/3.0/,true
tobiko,tobiko.jpg,ja:飛子,https://ja.wikipedia.org/wiki/雲仙市,https://upload.wikimedia.org/wikipedia/commons/3/3d/Fugendake_02_Pyroplastic_flow_area.JPG,CC BY-SA 3.0,,https://creativecommons.org/licenses/by-sa/3.0,true
kazunoko,kazunoko.jpg,ja:数の子,https://ja.wikipedia.org/wiki/数の子,https://upload.wikimedia.org/wikipedia/commons/4/4f/Kazunoko_%285310618428%29.jpg,CC BY 2.0,"kimubert from Kobe, Japan",https://creativecommons.org/licenses/by/2.0,true
uni,uni.jpg,ja:雲丹,https://ja.wikipedia.org/wiki/ウニ,https://upload.wikimedia.org/wikipedia/commons/2/2d/Echinometra_mathaei_MHNT_Philippines.jpg,CC BY-SA 4.0,Didier Descouens,https://creativecommons.org/licenses/by-sa/4.0,true
komochikonbu,komochikonbu.jpg,ja:子持ち昆布,https://ja.wikipedia.org/wiki/数の子,https://upload.wikimedia.org/wikipedia/commons/4/4f/Kazunoko_%285310618428%29.jpg,CC BY 2.0,"kimubert from Kobe, Japan",https://creativecommons.org/licenses/by/2.0,true
sujiko,sujiko.jpg,ja:イクラ,https://ja.wikipedia.org/wiki/イクラ,https://upload.wikimedia.org/wikipedia/commons/d/d2/Ikura.jpg,CC BY-SA 3.0,Hykw-a4,http://creativecommons.org/licenses/by-sa/3.0/,true
tarako,tarako.jpg,ja:鱈子,https://ja.wikipedia.org/wiki/たらこ,https://upload.wikimedia.org/wikipedia/commons/f/f7/Alaska_pollack_liver_roe_milt.jpg,CC BY 4.0,yoyo,https://creativecommons.org/licenses/by/4.0,true
kappamaki,kappamaki.jpg,ja:河童巻,https://ja.wikipedia.org/wiki/河童,https://upload.wikimedia.org/wikipedia/commons/a/af/Kyoka_Hyaku-Monogatari_Kappa.jpg,Public domain,竜斎閑人正澄 (Japanese),,false
tekkamaki,tekkamaki.jpg,ja:鉄火巻,https://ja.wikipedia.org/wiki/鉄火巻,https://upload.wikimedia.org/wikipedia/commons/4/49/Kaiten-zushi_005.jpg,CC0,Ocdp,http://creativecommons.org/publicdomain/zero/1.0/deed.en,false
kanpyomaki,kanpyomaki.jpg,ja:干瓢巻,https://ja.wikipedia.org/wiki/かんぴょう,https://upload.wikimedia.org/wikipedia/commons/5/57/Kampyo.JPG,CC BY-SA 3.0,Sakurai Midori,http://creativecommons.org/licenses/by-sa/3.0/,true
himokyumaki,himokyumaki.jpg,ja:ひもきゅう巻,https://ja.wikipedia.org/wiki/巻き寿司,https://upload.wikimedia.org/wikipedia/commons/0/03/Makizushi2.jpg,CC0,pasqualeschiavoneph,http://creativecommons.org/publicdomain/zero/1.0/deed.en,false
torotakumaki,torotakumaki.jpg,ja:トロたく巻,https://ja.wikipedia.org/wiki/軍艦巻,https://upload.wikimedia.org/wikipedia/commons/1/10/Sushi_Nemuro_Hanamaru_Tokei_Dai_%28184517515%29.jpeg,CC BY 3.0,Sorah Fukumori,https://creativecommons.org/licenses/by/3.0,true
negitoromaki,negitoromaki.jpg,ja:ねぎとろ巻,https://ja.wikipedia.org/wiki/巻き寿司,https://upload.wikimedia.org/wikipedia/commons/0/03/Makizushi2.jpg,CC0,pasqualeschiavoneph,http://creativecommons.org/publicdomain/zero/1.0/deed.en,false
anakyumaki,anakyumaki.jpg,ja:穴きゅう巻,https://ja.wikipedia.org/wiki/巻き寿司,https://upload.wikimedia.org/wikipedia/commons/0/03/Makizushi2.jpg,CC0,pasqualeschiavoneph,http://creativecommons.org/publicdomain/zero/1.0/deed.en,false
tamago,tamago.jpg,ja:玉子,https://ja.wikipedia.org/wiki/温泉卵,https://upload.wikimedia.org/wikipedia/commons/8/8a/Onsen_tamago_at_minshuku_Korakuen%2C_Nagano_by_Blue_Lotus.jpg,CC BY 2.0,"Blue Lotus から Jigokudani Onsen, Nagano",https://creativecommons.org/licenses/by/2.0,true
ankimo,ankimo.jpg,ja:鮟肝,https://ja.wikipedia.org/wiki/海のフォアグラ,https://upload.wikimedia.org/wikipedia/commons/3/39/Ankimo01.jpg,CC BY-SA 2.0,takamorry,https://creativecommons.org/licenses/by-sa/2.0,true
shirako,shirako.jpg,ja:白子,https://ja.wikipedia.org/wiki/白子町,https://upload.wikimedia.org/wikipedia/commons/b/be/Sirako_jinja.JPG,CC BY-SA 3.0,Jerry fish tkc,https://creativecommons.org/licenses/by-sa/3.0,true
fugushirako,fugushirako.jpg,ja:河豚白子,https://ja.wikipedia.org/wiki/フグ,https://upload.wikimedia.org/wikipedia/commons/2/25/Fugu_in_Tank.jpg,CC BY-SA 3.0,,https://creativecommons.org/licenses/by-sa/3.0,true
oboro,oboro.jpg,ja:でんぶ,https://ja.wikipedia.org/wiki/佃煮,https://upload.wikimedia.org/wikipedia/commons/5/5f/Ikanago_1.JPG,Public domain,コンピュータが読み取れる情報は提供されていませんが、Ro-~commonswikiだと推定されます（著作権の主張に基づく）,,false
menegi,menegi.jpg,ja:芽葱,https://ja.wikipedia.org/wiki/千住葱,https://upload.wikimedia.org/wikipedia/commons/7/7e/Senjunegi01.jpg,CC BY-SA 4.0,にしきあなご,https://creativecommons.org/licenses/by-sa/4.0,true
shiitake,shiitake.jpg,ja:椎茸,https://ja.wikipedia.org/wiki/シイタケ,https://upload.wikimedia.org/wikipedia/commons/6/64/Shiitakegrowing.jpg,CC BY 2.0,"frankenstoen from Portland, Oregon",https://creativecommons.org/licenses/by/2.0,true
kaiware,kaiware.jpg,ja:貝割れ,https://ja.wikipedia.org/wiki/かいわれ大根,https://upload.wikimedia.org/wikipedia/commons/2/28/86_-_IMG_20150825_152850.jpg,CC BY-SA 4.0,Susan Slater,https://creativecommons.org/licenses/by-sa/4.0,true
hoya,hoya.jpg,ja:海鞘,https://ja.wikipedia.org/wiki/ホヤ,https://upload.wikimedia.org/wikipedia/commons/e/ef/SeasquirtJI1.jpg,CC BY 2.0,Joi Ito,https://creativecommons.org/licenses/by/2.0,true
namako,namako.jpg,ja:海鼠,https://ja.wikipedia.org/wiki/ナマコ,https://upload.wikimedia.org/wikipedia/commons/d/df/Sea_cucumber.jpg,CC BY-SA 3.0,Jacinta Richardson and Paul Fenwick,http://creativecommons.org/licenses/by-sa/3.0/,true
kujira,kujira.jpg,ja:鯨,https://ja.wikipedia.org/wiki/クジラ,https://upload.wikimedia.org/wikipedia/commons/0/07/Jumping_Humpback_whale.jpg,CC BY-SA 2.5,オリジナルのアップロード者は英語版ウィキペディアのZorankovacevicさん,https://creativecommons.org/licenses/by-sa/2.5,true
